id,parent_id,label,parent,value,depth,level1,level2,level3,level4,level5,level6
Page 1,,Page 1,,90,1,Page 1,,,,,
Page 2,,Page 2,,38,1,Page 2,,,,,
Page 3,,Page 3,,36,1,Page 3,,,,,
Page 1 - Page 2,Page 1,Page 2,Page 1,12,2,Page 1,Page 2,,,,
Page 1 - Page 3,Page 1,Page 3,Page 1,34,2,Page 1,Page 3,,,,
Page 1 - Page 4,Page 1,Page 4,Page 1,18,2,Page 1,Page 4,,,,
Page 1 - Page 5,Page 1,Page 5,Page 1,13,2,Page 1,Page 5,,,,
Page 1 - Page 6,Page 1,Page 6,Page 1,4,2,Page 1,Page 6,,,,
Page 1 - Page 7,Page 1,Page 7,Page 1,9,2,Page 1,Page 7,,,,
Page 2 - Page 3,Page 2,Page 3,Page 2,20,2,Page 2,Page 3,,,,
Page 2 - Page 4,Page 2,Page 4,Page 2,18,2,Page 2,Page 4,,,,
Page 3 - Page 2,Page 3,Page 2,Page 3,9,2,Page 3,Page 2,,,,
Page 3 - Page 3,Page 3,Page 3,Page 3,24,2,Page 3,Page 3,,,,
Page 1 - Page 2 - Page 3,Page 1 - Page 2,Page 3,Page 2,3,3,Page 1,Page 2,Page 3,,,
Page 1 - Page 2 - Page 5,Page 1 - Page 2,Page 5,Page 2,9,3,Page 1,Page 2,Page 5,,,
Page 1 - Page 3 - Page 2,Page 1 - Page 3,Page 2,Page 3,4,3,Page 1,Page 3,Page 2,,,
Page 1 - Page 3 - Page 4,Page 1 - Page 3,Page 4,Page 3,5,3,Page 1,Page 3,Page 4,,,
Page 1 - Page 3 - Page 6,Page 1 - Page 3,Page 6,Page 3,9,3,Page 1,Page 3,Page 6,,,
Page 1 - Page 4 - Page 3,Page 1 - Page 4,Page 3,Page 4,3,3,Page 1,Page 4,Page 3,,,
Page 1 - Page 4 - Page 4,Page 1 - Page 4,Page 4,Page 4,6,3,Page 1,Page 4,Page 4,,,
Page 1 - Page 4 - Page 5,Page 1 - Page 4,Page 5,Page 4,4,3,Page 1,Page 4,Page 5,,,
Page 1 - Page 4 - Page 8,Page 1 - Page 4,Page 8,Page 4,5,3,Page 1,Page 4,Page 8,,,
Page 1 - Page 5 - Page 3,Page 1 - Page 5,Page 3,Page 5,3,3,Page 1,Page 5,Page 3,,,
Page 1 - Page 5 - Page 5,Page 1 - Page 5,Page 5,Page 5,10,3,Page 1,Page 5,Page 5,,,
Page 1 - Page 6 - Page 8,Page 1 - Page 6,Page 8,Page 6,4,3,Page 1,Page 6,Page 8,,,
Page 1 - Page 7 - Page 2,Page 1 - Page 7,Page 2,Page 7,9,3,Page 1,Page 7,Page 2,,,
Page 2 - Page 3 - Page 1,Page 2 - Page 3,Page 1,Page 3,6,3,Page 2,Page 3,Page 1,,,
Page 2 - Page 3 - Page 4,Page 2 - Page 3,Page 4,Page 3,5,3,Page 2,Page 3,Page 4,,,
Page 2 - Page 3 - Page 6,Page 2 - Page 3,Page 6,Page 3,9,3,Page 2,Page 3,Page 6,,,
Page 2 - Page 4 - Page 3,Page 2 - Page 4,Page 3,Page 4,3,3,Page 2,Page 4,Page 3,,,
Page 2 - Page 4 - Page 4,Page 2 - Page 4,Page 4,Page 4,6,3,Page 2,Page 4,Page 4,,,
Page 2 - Page 4 - Page 5,Page 2 - Page 4,Page 5,Page 4,4,3,Page 2,Page 4,Page 5,,,
Page 2 - Page 4 - Page 6,Page 2 - Page 4,Page 6,Page 4,5,3,Page 2,Page 4,Page 6,,,
Page 3 - Page 2 - Page 5,Page 3 - Page 2,Page 5,Page 2,9,3,Page 3,Page 2,Page 5,,,
Page 3 - Page 3 - Page 3,Page 3 - Page 3,Page 3,Page 3,3,3,Page 3,Page 3,Page 3,,,
Page 3 - Page 3 - Page 4,Page 3 - Page 3,Page 4,Page 3,5,3,Page 3,Page 3,Page 4,,,
Page 3 - Page 3 - Page 8,Page 3 - Page 3,Page 8,Page 3,9,3,Page 3,Page 3,Page 8,,,
Page 1 - Page 2 - Page 5 - Page 3,Page 1 - Page 2 - Page 5,Page 3,Page 5,9,4,Page 1,Page 2,Page 5,Page 3,,
Page 1 - Page 3 - Page 2 - Page 3,Page 1 - Page 3 - Page 2,Page 3,Page 2,4,4,Page 1,Page 3,Page 2,Page 3,,
Page 1 - Page 3 - Page 4 - Page 2,Page 1 - Page 3 - Page 4,Page 2,Page 4,5,4,Page 1,Page 3,Page 4,Page 2,,
Page 1 - Page 3 - Page 6 - Page 3,Page 1 - Page 3 - Page 6,Page 3,Page 6,9,4,Page 1,Page 3,Page 6,Page 3,,
Page 1 - Page 4 - Page 4 - Page 6,Page 1 - Page 4 - Page 4,Page 6,Page 4,6,4,Page 1,Page 4,Page 4,Page 6,,
Page 1 - Page 4 - Page 5 - Page 3,Page 1 - Page 4 - Page 5,Page 3,Page 5,4,4,Page 1,Page 4,Page 5,Page 3,,
Page 1 - Page 4 - Page 8 - Page 2,Page 1 - Page 4 - Page 8,Page 2,Page 8,5,4,Page 1,Page 4,Page 8,Page 2,,
Page 1 - Page 5 - Page 5 - Page 3,Page 1 - Page 5 - Page 5,Page 3,Page 5,10,4,Page 1,Page 5,Page 5,Page 3,,
Page 1 - Page 6 - Page 8 - Page 3,Page 1 - Page 6 - Page 8,Page 3,Page 8,4,4,Page 1,Page 6,Page 8,Page 3,,
Page 1 - Page 7 - Page 2 - Page 3,Page 1 - Page 7 - Page 2,Page 3,Page 2,9,4,Page 1,Page 7,Page 2,Page 3,,
Page 2 - Page 3 - Page 1 - Page 1,Page 2 - Page 3 - Page 1,Page 1,Page 1,6,4,Page 2,Page 3,Page 1,Page 1,,
Page 2 - Page 3 - Page 4 - Page 2,Page 2 - Page 3 - Page 4,Page 2,Page 4,5,4,Page 2,Page 3,Page 4,Page 2,,
Page 2 - Page 3 - Page 6 - Page 3,Page 2 - Page 3 - Page 6,Page 3,Page 6,9,4,Page 2,Page 3,Page 6,Page 3,,
Page 2 - Page 4 - Page 4 - Page 6,Page 2 - Page 4 - Page 4,Page 6,Page 4,6,4,Page 2,Page 4,Page 4,Page 6,,
Page 2 - Page 4 - Page 5 - Page 3,Page 2 - Page 4 - Page 5,Page 3,Page 5,4,4,Page 2,Page 4,Page 5,Page 3,,
Page 2 - Page 4 - Page 6 - Page 2,Page 2 - Page 4 - Page 6,Page 2,Page 6,5,4,Page 2,Page 4,Page 6,Page 2,,
Page 3 - Page 2 - Page 5 - Page 3,Page 3 - Page 2 - Page 5,Page 3,Page 5,9,4,Page 3,Page 2,Page 5,Page 3,,
Page 3 - Page 3 - Page 4 - Page 2,Page 3 - Page 3 - Page 4,Page 2,Page 4,5,4,Page 3,Page 3,Page 4,Page 2,,
Page 3 - Page 3 - Page 8 - Page 3,Page 3 - Page 3 - Page 8,Page 3,Page 8,9,4,Page 3,Page 3,Page 8,Page 3,,
Page 1 - Page 2 - Page 5 - Page 3 - Page 3,Page 1 - Page 2 - Page 5 - Page 3,Page 3,Page 3,5,5,Page 1,Page 2,Page 5,Page 3,Page 3,
Page 1 - Page 3 - Page 4 - Page 2 - Page 3,Page 1 - Page 3 - Page 4 - Page 2,Page 3,Page 2,5,5,Page 1,Page 3,Page 4,Page 2,Page 3,
Page 1 - Page 3 - Page 6 - Page 3 - Page 3,Page 1 - Page 3 - Page 6 - Page 3,Page 3,Page 3,5,5,Page 1,Page 3,Page 6,Page 3,Page 3,
Page 1 - Page 4 - Page 4 - Page 6 - Page 2,Page 1 - Page 4 - Page 4 - Page 6,Page 2,Page 6,6,5,Page 1,Page 4,Page 4,Page 6,Page 2,
Page 1 - Page 4 - Page 8 - Page 2 - Page 3,Page 1 - Page 4 - Page 8 - Page 2,Page 3,Page 2,5,5,Page 1,Page 4,Page 8,Page 2,Page 3,
Page 1 - Page 5 - Page 5 - Page 3 - Page 1,Page 1 - Page 5 - Page 5 - Page 3,Page 1,Page 3,6,5,Page 1,Page 5,Page 5,Page 3,Page 1,
Page 1 - Page 7 - Page 2 - Page 3 - Page 3,Page 1 - Page 7 - Page 2 - Page 3,Page 3,Page 3,5,5,Page 1,Page 7,Page 2,Page 3,Page 3,
Page 2 - Page 3 - Page 1 - Page 1 - Page 1,Page 2 - Page 3 - Page 1 - Page 1,Page 1,Page 1,6,5,Page 2,Page 3,Page 1,Page 1,Page 1,
Page 2 - Page 3 - Page 4 - Page 2 - Page 3,Page 2 - Page 3 - Page 4 - Page 2,Page 3,Page 2,5,5,Page 2,Page 3,Page 4,Page 2,Page 3,
Page 2 - Page 3 - Page 6 - Page 3 - Page 3,Page 2 - Page 3 - Page 6 - Page 3,Page 3,Page 3,5,5,Page 2,Page 3,Page 6,Page 3,Page 3,
Page 2 - Page 4 - Page 4 - Page 6 - Page 2,Page 2 - Page 4 - Page 4 - Page 6,Page 2,Page 6,6,5,Page 2,Page 4,Page 4,Page 6,Page 2,
Page 2 - Page 4 - Page 6 - Page 2 - Page 3,Page 2 - Page 4 - Page 6 - Page 2,Page 3,Page 2,5,5,Page 2,Page 4,Page 6,Page 2,Page 3,
Page 3 - Page 2 - Page 5 - Page 3 - Page 3,Page 3 - Page 2 - Page 5 - Page 3,Page 3,Page 3,5,5,Page 3,Page 2,Page 5,Page 3,Page 3,
Page 3 - Page 3 - Page 4 - Page 2 - Page 3,Page 3 - Page 3 - Page 4 - Page 2,Page 3,Page 2,5,5,Page 3,Page 3,Page 4,Page 2,Page 3,
Page 3 - Page 3 - Page 8 - Page 3 - Page 3,Page 3 - Page 3 - Page 8 - Page 3,Page 3,Page 3,5,5,Page 3,Page 3,Page 8,Page 3,Page 3,
Page 1 - Page 4 - Page 4 - Page 6 - Page 2 - Page 3,Page 1 - Page 4 - Page 4 - Page 6 - Page 2,Page 3,Page 2,6,6,Page 1,Page 4,Page 4,Page 6,Page 2,Page 3
Page 1 - Page 5 - Page 5 - Page 3 - Page 1 - Page 3,Page 1 - Page 5 - Page 5 - Page 3 - Page 1,Page 3,Page 1,6,6,Page 1,Page 5,Page 5,Page 3,Page 1,Page 3
Page 2 - Page 3 - Page 1 - Page 1 - Page 1 - Page 3,Page 2 - Page 3 - Page 1 - Page 1 - Page 1,Page 3,Page 1,6,6,Page 2,Page 3,Page 1,Page 1,Page 1,Page 3
Page 2 - Page 4 - Page 4 - Page 6 - Page 2 - Page 3,Page 2 - Page 4 - Page 4 - Page 6 - Page 2,Page 3,Page 2,6,6,Page 2,Page 4,Page 4,Page 6,Page 2,Page 3
